image,label
1645fe8d-2f4c-46eb-9f8d-0a0d99df1b3a,mandelbrot
69646f3c-69c3-49a3-a8eb-ac177d75f1b0,mandelbrot
6a815354-0338-4b87-b49c-9e567d5efdea,mandelbrot
d325d98e-71ef-44cb-8f4e-a37760c6fd94,mandelbrot
9dc2d93c-06ce-45d0-b8e8-de83dae0fe92,mandelbrot
000e083d-c3c9-4c26-a25a-9af4c25d5833,mandelbrot
caec3545-decc-40c0-b700-a77da7334ffc,mandelbrot
ae002b32-da82-4608-a69e-5cd00a207bf6,mandelbrot
9e501d38-f847-4252-96da-323c013ed133,mandelbrot
ba719b6b-b131-466c-a03a-9695c8fdbf42,mandelbrot
a4ccddd4-d764-4db7-b013-f107653bfc40,mandelbrot
6ba19202-f611-414c-aaee-f81451aadce3,mandelbrot
abb8318e-81f5-4236-b811-fd105daa5617,mandelbrot
eec2b731-bd85-4359-ac69-230690cff1ed,mandelbrot
0318d404-914f-4b67-bdcb-18f309bd5598,mandelbrot
481de5d4-24b1-4a43-b146-05dfbe0595e5,mandelbrot
cb09c449-36c3-4bbf-a319-28a9e75ebdd1,mandelbrot
5ec3b701-b668-4334-9628-03e51ed82c3e,mandelbrot
3f188d57-3b59-41ef-9010-609af55ff8f1,mandelbrot
7ea95f35-9ac2-45c3-88b5-b9f08ec21a02,mandelbrot
20e2fc55-4f0a-47a5-83e0-77c1caf3d0e2,mandelbrot
4887bb2b-2e4f-4c7e-935a-009169c61689,mandelbrot
b4e8289d-c810-4be4-875e-b4b1d5396ad6,mandelbrot
2d4e95cf-e723-4afb-958b-815032628ae6,mandelbrot
63154674-2f0a-40e3-8d26-a8fb1d311547,mandelbrot
d8808324-7224-4411-a6e4-bb0ddd25deae,mandelbrot
ba9bde6f-33d5-43af-b7a9-6495b8c4e38c,mandelbrot
53e11715-2766-4fd9-855e-7c9c156b88e3,mandelbrot
16ece0ef-ed44-485a-9706-3e573f2911eb,mandelbrot
8a249d25-b1dc-42d5-be60-f2e7cd95c02c,mandelbrot
521f26b8-35a0-437d-b16d-f4609028ab53,mandelbrot
f6e0b139-be7b-4f15-9606-2628b0d25236,mandelbrot
91da089f-c3be-4450-86bf-028fba131f76,mandelbrot
4c683890-ccf6-463c-9210-06a37cf9d28e,mandelbrot
833e79ab-8b17-41f5-9388-0f209100bf0f,mandelbrot
6c9a3d7d-a448-4f20-afd9-482445b37ad4,mandelbrot
6bc9e557-6af0-4786-b500-eb4823b13f3d,mandelbrot
964a25d3-5574-4375-9382-c431c4aa509b,mandelbrot
c501205b-2eda-4bed-88fe-a1eee5dd4faa,mandelbrot
71ab4d70-ccca-41d9-b634-67c6d402eca9,mandelbrot
67150b55-ab29-475c-a756-90a40bab8ee6,mandelbrot
ba9c14b5-86a9-40e3-8bcd-edbd9367b94f,mandelbrot
3500cf22-0df5-445e-b545-66404d05ce53,mandelbrot
7dc880c6-aa5c-404b-b69f-040ca75fe085,mandelbrot
5a7b36e9-0b88-44a8-ac8e-44bbeadd19f5,mandelbrot
bd424eea-c74e-4494-bde6-fa3ddfc92d01,mandelbrot
d041212b-fc58-4769-b7b6-55c2dbaf18d3,mandelbrot
1e5c17e5-c40b-440e-8d19-0707645be3d8,mandelbrot
8768f02a-78d3-48d4-bddf-dd6e86c76fb8,mandelbrot
c0577b3a-3e00-4e6a-89e7-362388902554,mandelbrot
739a3c51-60b5-4d72-b3b8-f0b334b47d4a,mandelbrot
b1ceb37e-813b-4e3f-8a33-5eba847932d6,mandelbrot
e5c97f84-e037-4e6c-ae27-98579b229c27,mandelbrot
7366006e-95cc-4299-b6c8-494e8730e312,mandelbrot
3d191be6-e8a9-4ca7-849b-3df08f1ba0ce,mandelbrot
af023bf7-ea23-43bf-8383-224c746cf599,mandelbrot
d22bee17-c991-4917-baf9-0ef6178fdaf0,mandelbrot
1ff08c84-d1fb-431c-9653-2dfd5fda6ed7,mandelbrot
b732249f-8e3a-4a83-a9c9-9f87e2ab806e,mandelbrot
5d38f624-a473-4e51-b9df-089ed5ff393a,mandelbrot
15ff2568-09ab-4c51-9430-d65b9708e2e4,mandelbrot
ecaa5061-6180-4bd7-b5b5-9b257a5eb805,mandelbrot
7efc2a6f-f2f2-46e2-aee1-23a8b76bf41d,mandelbrot
0997c604-0a7d-4e13-bc92-0eb5aa0335ab,mandelbrot
2650adf0-6656-43b6-acdf-be287f4bbbee,mandelbrot
ac6a0e04-2bd9-46c1-93f1-a8e22395a3b6,mandelbrot
642176c7-f572-41d6-98ef-6ebe11f525fb,mandelbrot
73eb0781-3b4b-4b44-a1ee-1a215a499a93,mandelbrot
5bb5f894-9477-4f04-ae3a-d7b382563d5a,mandelbrot
deebc4ab-5b46-4f92-a17a-7e725a0bb3ad,mandelbrot
ab5fc5fe-f0f0-4be1-968e-84cf38588825,mandelbrot
86b4e016-1aaf-445b-b7d7-999d8ba4c8e2,mandelbrot
8ec71d86-c387-4e76-989e-c4c33fbe1f40,mandelbrot
a790f5c8-db87-42c0-84e6-bb760918f73f,mandelbrot
801a2cb8-a595-4dd9-a48c-9d20c79603a8,mandelbrot
19ef5e8f-d269-4363-abb7-8786765427d6,mandelbrot
572f4f13-3586-44a0-a37e-99045c8199b5,mandelbrot
a6a1b81f-3a54-4512-8368-bf5f51831475,mandelbrot
09c42870-c8af-4ce7-a859-30a782e7cbc8,mandelbrot
a398c23c-6114-424c-8564-019c7b45e465,mandelbrot
b891022a-850e-4e68-adce-89652488b93a,mandelbrot
34a4a97b-89f3-4e1f-ba03-d87712c7aaac,mandelbrot
c409c915-d315-44d1-84eb-6be188d7b7e7,mandelbrot
371ca636-b2c6-458b-b9fa-7c385420f10b,mandelbrot
6fc4630f-0922-47df-8f9a-cc411f548642,mandelbrot
ad526d82-4d1e-4224-86ed-68ac47900192,mandelbrot
9e39bc6f-f4d4-4350-a029-a9a55b553e92,mandelbrot
210131c9-445b-48ba-bb1c-ddc9be2a6255,mandelbrot
bce7e875-f568-4721-bfff-af79c5962cbf,mandelbrot
cad247f5-8807-4af1-8275-5cedbcd7a33e,mandelbrot
3464e2c6-a694-4573-830c-7c0b1a222666,mandelbrot
1ae7abd5-bb62-416c-8684-6971abc26ed6,mandelbrot
5153e00b-1ca5-4294-bbdc-725a11171e65,mandelbrot
acbf9996-f0bd-4cb9-adae-34a5d2b6b144,mandelbrot
1af93ecf-22e3-437b-bde9-09c06fe477fa,mandelbrot
839a90de-f8c5-44f7-81a7-521f700c6428,mandelbrot
fa3f6e76-a324-4ef0-8a30-54c070e18ce9,mandelbrot
923a0ee6-71bd-44a6-a26c-16226569b015,mandelbrot
8af1a3c2-76f8-44a4-a8fe-4334a36041c0,mandelbrot
b434f63d-19ba-440a-a19f-714df5f997e1,mandelbrot
5c1a5412-1783-438a-82fc-f4263dce0ce5,mandelbrot
6c4fc261-7ad3-4174-a691-e39a540ce42e,mandelbrot
8546e940-58be-4932-9c49-051b41d52c76,mandelbrot
bc0dafe8-434a-4541-b688-2c620ba10c8b,mandelbrot
6d9a05ed-09f1-41bc-9f52-974c2dd860a5,mandelbrot
d39f3ddc-909d-4172-8ba9-971a7de9b235,mandelbrot
43b7bf13-d506-4a03-b694-2e49773056fd,mandelbrot
7e1449b6-1014-4ecf-94f5-f664f22e1f8b,mandelbrot
c2690353-17bf-485a-a469-0e994fd868cf,mandelbrot
637bffde-1cb0-4cff-93ff-3bad500b8e8a,mandelbrot
c8f72594-ad2d-495c-8630-535cacc582a5,mandelbrot
e0660abf-7ed1-46e5-92a2-dc0f4c8411a4,mandelbrot
f658874c-e8a6-492f-ab11-21d313c1d2db,mandelbrot
0163108a-81ec-4483-9cfb-b86bf8355701,mandelbrot
5532fe5e-9add-4458-ae56-b59afeb8389a,mandelbrot
9a1a7464-e848-439c-af67-f985f0a3153f,mandelbrot
c5b97378-8c72-4d39-a303-1b0824effe7c,mandelbrot
57187a01-84c9-4ed6-ab42-f223198975ad,mandelbrot
dd2245ca-e638-418c-a08e-ed28d5a2b6fb,mandelbrot
45f5e6fe-67f6-4df0-a465-0f4505762aa4,mandelbrot
c67d47b3-3b90-4693-8e35-2539653d89f3,mandelbrot
3c1461bf-07ee-48ac-9b2f-dc7a77366568,mandelbrot
5c6f348b-e643-455c-97e0-b471dba17b36,mandelbrot
32a5a26d-bb34-4156-90c0-388e1c2dce02,mandelbrot
bce35bfb-a48c-475f-96a4-42a4d6499d9b,mandelbrot
28847971-99ad-4188-a23a-ae9e7e53e992,mandelbrot
9400e9e7-98a0-4477-b2cb-716355579dbd,mandelbrot
ed0dce5d-42b2-491c-911e-d5df1b36019b,mandelbrot
60177abd-1dd4-4c4e-90d7-944683762d22,mandelbrot
cdceaf98-3b44-431e-af09-f92c66668e31,mandelbrot
e46cbc75-21fc-413a-8287-fd15dc9053a5,mandelbrot
d1e4602a-8b7e-45f1-9ee3-10d3d17955a9,mandelbrot
e33965b1-0ebb-49b6-a404-427598a6d5eb,mandelbrot
81cdb70e-96b1-4bb3-a6a9-80cfd48db0a8,mandelbrot
b4095b41-2972-492d-ba3a-5e6d9d9a0ece,mandelbrot
29644d4e-5c45-40ff-ad81-d3db701ff076,mandelbrot
1ef5f7dc-aa2a-41fa-93ae-591ef4683c47,mandelbrot
4ff15aae-f067-4357-8492-7e6d03fa5d6e,mandelbrot
c181f44b-3601-4399-b3cf-1f08a0093b6a,mandelbrot
1b060012-fdc3-4557-9337-6fcd7458c357,mandelbrot
4e0008e1-40c9-4fb9-8576-5a4b9833a28f,mandelbrot
94d7ed06-4bd0-49f4-a1a6-777934f63165,mandelbrot
7d4358db-5266-4aad-b1bf-5716087bccb1,mandelbrot
ab6096c3-1fe4-4aab-8d56-8804c25be7d6,mandelbrot
07fc0e6b-11e9-4619-86de-c0f64b6aaa6b,mandelbrot
7444f443-e235-48b7-8dca-b0148d7491ff,mandelbrot
26a11654-d6e5-4508-890f-f93e56ddedd9,mandelbrot
2b3355e4-9329-4e8d-8b94-0c2b5e36f144,mandelbrot
63f8115c-c591-4839-896a-acb877ab630f,mandelbrot
0430e831-08f0-4040-9e00-0b12222ee9ab,mandelbrot
8a5052ef-98f0-49c2-aada-1bde6758c380,julia
aeac8a72-c291-4aed-a39e-6a0564bbb2a6,julia
d5bc834b-222c-4351-8d0a-94934b2c5c82,julia
44f7244a-8c5d-402b-b72b-d83c83df56bc,julia
07cd19e9-9981-4d6f-8013-12011d28ccb1,julia
4e9ee7e1-7502-4a2f-b3d5-d93699cd677a,julia
4ad669c5-f8c7-4997-bdbd-a5746a57d12c,julia
219f7f55-2cde-4ba9-8f62-59df4109f6fe,julia
e53dae69-3145-4573-bd08-b3c149d2dc2f,julia
c7168a45-63ed-4aa6-8007-fb12a60b007d,julia
9bd2f86f-3f83-4a22-a05d-6afdc4987dd3,julia
21acea49-5a7b-4de0-9aef-e969711b5514,julia
e072c978-66a8-45e6-b163-7f0bccd0f0f0,julia
9da5a470-0dee-4a88-a211-590b24392c55,julia
f3cdeb7b-995d-45dd-a165-78dc32b1a2d0,julia
e8390067-dcaa-4da7-a37e-d897c6f379d4,julia
d1339582-3c62-42a3-be07-0dc7c04cdda7,julia
6dd3d0fd-bcf1-495c-b23b-3fd033d0380d,julia
a9ce8a03-53fe-4f41-9902-098c10c78bea,julia
f20c100f-2487-402d-b341-f95636f7abbb,julia
fef4d296-3754-4b86-a9b9-f74935a114f4,julia
35f00f01-2572-4710-8b9a-7bfb6eb2c003,julia
f9934588-36dd-4c5c-9356-7580f254152a,julia
5679745f-009c-4e18-bdda-fe6273aafac7,julia
8e716162-8d8e-4053-8569-e79ba9e9666f,julia
536c6b00-5fbd-4c20-8542-ce5fc2f35946,julia
d25036f5-f3cf-43b0-b2a5-567d7a758006,julia
c74e0163-f710-43de-8c51-5078f33ef91c,julia
37be8963-1198-46ce-afb3-3c3e70efddd5,julia
064441f8-f166-4696-8c0b-d850aa75607f,julia
25e60406-841b-416c-971d-05c2d894ce5f,julia
b95ba431-2668-42b0-b0fa-43bda4ad258c,julia
65b818cb-392c-42f0-8209-78bdb966103a,julia
c3097c6d-4277-4ca0-8583-0c4a7204cc28,julia
4c6bb24f-ef16-4f6c-9253-1569dbe43e96,julia
751f3ab6-975c-4f5f-9dcc-bf3e1b403f74,julia
75e922c5-14f9-4879-bb2e-eca3e7c58dc4,julia
86dea98e-e54b-4824-bed6-d5258abb1bb1,julia
e62d2d71-f9fa-4aec-9b29-eb0119cf4327,julia
079edcca-5c07-4fef-9fa3-717e4a67a176,julia
d49aa58e-98ee-46f2-a004-49395ed9098a,julia
9a626ed9-ad7a-4bec-90c3-4ef770b80baa,julia
320dec47-d5e4-4423-aebe-ea174351e180,julia
59e81627-140f-43c5-9e39-0cbb894dc67d,julia
5afdba84-feb9-4fc3-abf0-ab7d2e36fdee,julia
9e077f41-ddad-456c-880d-bf2d093bf54e,julia
e95199fe-a53e-4d3e-a62a-d111c078816a,julia
00737325-0397-4a48-92da-10009ef6ad80,julia
b3938e3d-1567-4cab-a91f-cee425a8ad2d,julia
7aef4d31-687e-4c39-8dae-22aded785c22,julia
9a8b30e1-085d-432a-a0c8-8fce47b93655,julia
1ece5284-f148-437e-afb2-4d4051101390,julia
7396f01c-c00b-4d96-ae43-5f92eb9851a4,julia
a9efbace-fd60-490f-877c-17129a03233c,julia
9daaac58-988f-4528-b822-ea39bdf8b28d,julia
e129498e-563f-4373-9cb4-c8332c30a37b,julia
55d17fe4-6574-41e9-8fdc-d1910bc3e3c2,julia
99db16b8-8c05-40a2-8f84-832957903bdb,julia
d919e53f-02f5-4870-9e45-643372244262,julia
85cc1016-b206-4518-9a49-103537ee7b2a,julia
aa6da4f1-aebc-4435-bdb4-ae588b158f16,julia
e51b4016-42c7-4968-9b10-8714e70854de,julia
b88e8263-f709-4dfd-8b3d-dd109bbef51c,julia
aa93817f-a9fa-4a7b-a580-2f37321b2f5a,julia
ade84ee8-05f4-4067-9bfd-4a4c846077c5,julia
f4c61243-bc97-4307-a30f-58b2451e2c09,julia
84afdeef-aff2-458d-8fb0-da6da9cfb11a,julia
7bb9c28f-0a11-4391-ac7b-fb8dbbbb657e,julia
0804a58e-bf40-4a26-bc3a-2da38d6a03a8,julia
329a1d29-33d7-4ad8-9b5e-362e47ca2e61,julia
0dc8e2c0-016b-4668-bb29-d8f5b65617c0,julia
ed4bc97c-6c50-4aca-a2a8-b3345751e8f9,julia
c2517ae3-1bbc-48fe-995c-95b0fabc110d,julia
8b4af0b3-ce4e-4ea5-8587-58d316d95bcf,julia
e3b13dae-ffc8-442b-956b-cd6938bae0e9,julia
2e143a50-802a-41b5-b227-ee7a867e67c3,julia
9165c071-0af0-43e6-8cba-bb8057aa2c65,julia
4cbb3d76-ae22-4f81-8b13-7e07de5f2f6e,julia
b51933e7-ebdc-4654-bc36-d45f42b1bc6f,julia
c8ae1ccf-81fa-4b81-a15e-cc309c1c0a25,julia
23d8ccfd-6a10-4ec1-ba0e-187100648035,julia
1b2aa683-2963-42ec-ad84-9275d1d46831,julia
713adae7-615f-4604-bec5-90104d496b14,julia
d6241fbf-a4ef-47ce-ba2f-cca25497bcdc,julia
a323dd26-a378-4cf8-b971-fa02b6422061,julia
b568b83d-4678-4b43-b45e-c078a2837e0a,julia
97523093-fff5-4802-9b38-72a9caf883b3,julia
0deea337-a996-4e84-b881-7ba84f5e9dd1,julia
5e9d6dee-328b-4d3b-b4ca-3cd55c72fd04,julia
d7aa1b75-a6cb-4770-9578-75c6daa392c8,julia
1eda0554-8866-48f2-91fd-40141d2140b3,julia
c50eadc1-e4be-47cf-8241-93880ee13e8a,julia
3edf4fb9-c73c-4157-a77a-e6046a99b3ee,julia
883c8ffa-156f-49c3-94ca-aa17e53e3eac,julia
e61ca5da-674b-4251-9a0c-816010a27b78,julia
f45cf88a-b468-4b36-847a-c56630e45d58,julia
41c34cc2-466c-4d54-bb8f-5cd3530956fd,julia
92b3db6a-fddc-43d3-b4af-f53bcc297a73,julia
7d199fc8-d67f-48f5-89ed-99bee1938529,julia
96a575e1-8b0c-4a8b-90f1-f50ce3ae277b,julia
82a93485-14a2-4ff0-afba-4c421b13eab6,julia
b93a0169-913b-4a17-9530-b920e3bcfa5e,julia
cc819a62-015b-444a-a499-c462182c3292,julia
fabeb2ec-6c05-44b6-b5dc-6a772ff21d56,julia
785b097c-fb04-460b-b4e1-35e7dd1b88d5,julia
5f33f9d2-99ea-43ce-9a32-c0c693ac0f93,julia
9ba9d6fe-1766-4518-980b-19805cfc0a6a,julia
9e2b9e3c-68ff-4621-9ee8-72c719c41943,julia
104872a0-3ee1-4de3-b2ee-0cd30a5dccba,julia
d33e2458-35ac-4ba6-8dca-04fe1db09163,julia
8a0e06e5-ebed-4841-ac71-05768820d13f,julia
0e73717d-5b9d-4d9e-bee3-bdd3b02b2092,julia
62899aea-69fd-4274-9029-c80f4ec7b8d4,julia
4639fdfb-dd4e-4677-bb79-9a621ded175b,julia
8a06108b-aa90-46fe-839a-7e331e25516a,julia
410def1d-1006-4b0f-a560-8af47c1e416b,julia
5ec602d8-c236-4a85-a694-ae853b564b73,julia
f1e4e1be-d83b-453e-a9e1-f9b68c387110,julia
da464c2a-f267-4b93-9f36-9e3eaf37a2eb,julia
a679f379-080d-4403-8404-9e4b4259f056,julia
3ba31c4d-0406-4283-9b25-9205551a57d2,julia
a00acc2b-72a1-4d36-938c-b9be27497266,julia
c5d8db99-12ca-4916-b157-b511da9b51cb,julia
054e86be-a1f0-4f13-8935-8a50a84a3dfc,julia
d48be04c-447f-4810-8d20-81fcdad12eb1,julia
8d1ed0d6-2777-44cc-9578-78ab7c50374c,julia
eadd6b14-d1da-452c-a446-102ff74f5a5a,julia
01f8a8ab-1ce6-4b39-ba43-91e9cff22249,julia
327fed3d-9d1e-468c-ba5f-8b83f2216167,julia
254ecebc-f026-45cb-9675-bec32b4ada25,julia
4e2b03f5-4367-4f77-960e-c4ab6c3d6c2d,julia
85dbd71c-771a-4d68-a184-f9bc57a6dcf3,julia
a8643ffc-87c9-4461-bbb3-9cab757b9dc7,julia
0d0ce887-0cc8-4f91-842b-c71cafcd1cc4,julia
0e13fc70-7f1b-43ab-bd5a-f4fa8d11ffab,julia
8b820541-2edc-4625-9c4a-b3089308778e,julia
9c4712f9-b5bc-4a8f-adb5-6fd8c51964b6,julia
d977d976-8229-4dee-9ae9-4b3a4ec183b0,julia
6d8a48e6-baab-4fe0-8fc5-f130971f3b35,julia
1c1210f5-595e-4989-832c-3c80a29258af,julia
8594c862-ba9e-4c4e-80ba-0231a1b99e21,julia
9e0c693d-2ce6-45e4-b8bc-12ccc479d6e4,julia
4a3ad174-f413-4dde-ac60-c81268b33e1e,julia
f3e18b05-74a6-49d7-98c8-5e116fa78668,julia
c073345e-b49e-4050-bb6e-ed7710ea3063,julia
e2b962a8-8344-4275-94f7-2068e399db74,julia
d312292a-ff52-460f-b0a2-0f277b35195b,julia
572e6fd7-d77b-4340-abf7-2e23e7565b94,julia
36c23e79-b1d5-4fcc-9d81-abd6d7e7a867,julia
49feaeb3-605d-4eaf-8cfc-42430f508353,burningship
977765d3-2bd6-4385-9553-01f266734c52,burningship
6bf0f5ee-18f7-4c66-91a7-94f501b23c6b,burningship
d90f619c-c715-4efe-b510-144c97655950,burningship
025f210d-ccd1-4e17-b6a6-4d71d4b00ceb,burningship
35c1b39f-62c6-423a-8ef2-483536236e07,burningship
a4ebcb09-649e-42a0-bc5d-702e9a79698c,burningship
d80e6fe8-457d-4803-a853-cbb368a46cbe,burningship
321b1f70-eb0a-456f-9701-9fc9077635d8,burningship
499e2f0c-de63-4b5d-b1b9-b2b39df7994e,burningship
9f75920a-6013-4ba1-8a6d-de70fac1e6b9,burningship
3b7105e7-4116-4f03-835e-d9a5a33c479c,burningship
6ac5da7b-ddf6-4eb8-bb18-aa8d789af8b6,burningship
df1b0e16-6efe-45ee-8d77-8f740345f0f8,burningship
1f6eab15-7c6f-4532-9933-a8e4deb1cf37,burningship
32b4763e-eb83-4e08-80dc-fd5d211b3b05,burningship
ae81d8d7-9400-44e9-89cd-a638a4336944,burningship
1827604d-5a20-407b-a0f1-af6df636762f,burningship
d72f6240-9eeb-44cd-9462-eb1242884e0a,burningship
ccffb2e5-f713-4a0a-a2d9-d43c5776685f,burningship
d49550b2-e57b-49bb-b0f2-a7048884393f,burningship
c7ef2a8b-62df-4887-acbc-d328f83473bc,burningship
59d67d25-8d6b-4edd-ada2-dfdf850afd31,burningship
eca04013-02c3-4253-bd4e-f422547603b3,burningship
0fdecc13-602c-448a-a796-5a1f2e3ba605,burningship
ffeb7045-7939-4e9e-ada6-f0daca5f6daf,burningship
cc954fb3-f590-40c0-a671-2e3408c66a4a,burningship
a6f1073c-3634-468f-a5c7-56ec69ee31c6,burningship
dbd563be-07ba-4623-8ce3-886cf71244b2,burningship
9d5b0fbe-32b5-4446-a029-9ea375fdf6b5,burningship
dfba4833-fa1d-4396-95e8-616ab32dfcf6,burningship
a5e13db6-8878-4d3d-8bb0-85a8c13602bc,burningship
c631e6f7-8c3a-45d1-9b3e-e40717e56fe9,burningship
6489b5e2-14ab-47ea-b2b4-ea46014b260d,burningship
cffca011-fc7e-42e1-b5bc-d3f5991994ab,burningship
5a74c49e-6e7d-4e6d-8ffb-b11486c5fd7a,burningship
2aed5d9a-8497-487b-be07-780939c60940,burningship
dee250f0-5e40-42f0-a833-46a0c7b6227f,burningship
b8850be0-cded-4816-a688-c186a32225b0,burningship
0fd1b4d1-a163-4141-96d9-0978055b07cf,burningship
0cfb5c88-3b7e-4822-9c05-e78c0c7f3b68,burningship
298bfd5f-243c-4cde-842c-267a3c51e6d1,burningship
df924b4b-76e9-4a26-b887-c4e20f925909,burningship
4a9fed4e-b1f9-4d0f-9f9a-e12ea8ef2148,burningship
9aeb2625-fadc-4050-8590-8566fa6f52fb,burningship
757ac102-623c-49aa-805d-4fc8cb27f8fe,burningship
81c23399-7027-489f-aadf-aa1403eea966,burningship
c86e408f-16c7-4c56-a9d3-1dcf38288137,burningship
264617d1-86ce-439b-8d9b-93f215fd742e,burningship
7a21628b-461d-47b2-aba3-c133d023a29c,burningship
f858dca0-eed4-4aa2-bb79-1262ab6e5c38,burningship
db8612a6-29d9-4f75-a1b4-edf8f190a1c4,burningship
da0fed32-2706-494a-aeee-f04dfce35645,burningship
ae25fc3d-48cf-4ac1-a110-1e8fe43a5541,burningship
5bd57351-dfa4-41e0-b438-598c3bd871c3,burningship
9148aa5c-14b1-441d-9c86-84f315212219,burningship
d0c978fd-6751-42af-b078-0632740d1bcb,burningship
dc153658-9ee6-48c1-b5ad-5d5835240db3,burningship
8da1f0e8-5207-4456-a22c-edf235f33889,burningship
51247e05-c0bd-4869-a0df-cd1ed3d7f319,burningship
41735875-04ca-4e66-8c34-64d9e046d041,burningship
2af262dd-b63e-428c-80e0-e2b71add8c94,burningship
700105a7-3545-4db3-b6f2-70d9d905eb22,burningship
c3b42021-7eac-4b0c-b04b-d504221c6b5c,burningship
dde78799-d7e6-43c4-92ce-0733ed7230e2,burningship
b2431dcf-1016-4639-8322-6df5ed13af5b,burningship
0e9cd4c5-59aa-438e-b9ce-daac8d15a108,burningship
c547881a-9647-41f2-b62a-8c628ee96537,burningship
8ac8fd46-4126-4886-857f-428915e62811,burningship
77a92f57-ce37-4204-bf8f-11bb1a082bc4,burningship
22a55c11-6b99-41d1-a973-8a366937ae4e,burningship
fc3431ed-dcd6-49f0-b4ab-fff55b644b91,burningship
db3d2649-fe78-4d12-a9fd-688973ee9502,burningship
cfc2e4a4-a8de-4c51-94e1-e367b3b41b99,burningship
1287527b-792f-408f-ae3b-832062b642d9,burningship
005d6249-9068-4f97-85f1-a774981777cc,burningship
b1925489-2cca-428e-9fc9-6699109c45df,burningship
a350ebcb-8d12-4ee6-80ec-231255c02bc4,burningship
befaf12a-b152-4716-954c-5f5a3ad9b220,burningship
441fe8c5-056c-4cc9-ba1a-9854b3b3c9fc,burningship
e1ca7cd8-7c93-48ad-ba1e-231438c995c7,burningship
fa0441b1-3e6d-4cc1-a38c-5f74eadc697a,burningship
528de3f2-fa7f-4d1c-b6cd-b79d9298de4f,burningship
a980a3a4-fa7f-4c61-a53b-c8cfb7cf1677,burningship
42f89f8a-a1d2-4e25-88ea-d3fcb6f06de3,burningship
a640dac8-e15e-4e0a-9461-c4d8d1ba6901,burningship
b8f742ca-2a73-49c2-b565-7a71c0c379e5,burningship
905198ff-caac-43ac-bd3f-837bafad61aa,burningship
68eb16df-636f-4d4d-a550-e637b53893e0,burningship
449953eb-812d-4bdf-ad81-5c26f0ecfc6d,burningship
2cea9b85-87b5-480a-b074-e4dd6ad0d29c,burningship
44e199d4-7ae4-43ee-9d75-97263be5a42d,burningship
01bb1a63-bed4-45be-9c08-d5b2e6ecf432,burningship
f520b65a-8935-4000-90e7-951b311e4be7,burningship
c5d5fed2-d59c-4e7c-9f59-f25d07747c8a,burningship
d28dd555-ea39-4efb-b2dd-6afe5d4622cf,burningship
ebd53a29-8267-4a94-9267-e5de9aa37228,burningship
e5200f8c-fed5-452f-8e22-c6c63bb6e948,burningship
16808cf4-551f-4ff8-a16c-eeedf343e594,burningship
25b6ac3f-2a2b-482e-a286-4ef254918039,burningship
8321b409-98af-46dd-aa22-aceb90424d70,burningship
32e063a1-4b2f-444c-af8c-623c4ddb371f,burningship
d5bba1cf-ad4d-48ac-863e-aa88a08fc3d3,burningship
7d136397-0081-4788-92de-2d7271360334,burningship
bd982035-23d0-427e-a2a7-081bb6411273,burningship
25b39204-ef50-45d6-bdea-b713182a2daf,burningship
8c03dd0e-31c3-45c7-bb02-4975e3fb04ec,burningship
405960cd-1889-4ff5-828c-1c1cf596e698,burningship
bfb5e431-9e58-45b4-894a-caaccef1eb87,burningship
f21ebf82-0762-4ad9-b972-41de4501b57d,burningship
56b6695b-aff9-4a32-8251-2e8b07c90bc7,burningship
ab776b26-6051-43ab-8274-1e3a120baea7,burningship
faca6718-e269-43dd-a069-622f6c487a04,burningship
a934e3a5-eca9-4867-af74-49f379e1844b,burningship
31401369-b0fc-458e-89aa-11b0a64c6f14,burningship
156aa18c-9e52-4fb6-8ebe-2a17ca995061,burningship
50d200cd-08df-40c6-a156-3fb57bad179b,burningship
054f2a63-1a73-4ebe-90bd-820234b7e76d,burningship
25ef8ba9-bd53-4aaa-81f2-d74b0524b8c1,burningship
463fccfd-7fee-49b9-9727-add90bc1b983,burningship
fec0e780-df96-4b46-a18a-4903b7268afa,burningship
873d1e6f-978f-4f24-87a5-6a287ea31cb0,burningship
6f60171c-2e1f-4af6-b093-b2b1ba2bc4e6,burningship
ef4e5bc6-c71a-4702-9012-943e866ee198,burningship
80d52fa4-1e62-4ae9-b6e5-2c8b3304c179,burningship
dd816e62-0c13-44d3-b348-318db318f5b1,burningship
7b23ea8f-3df7-4e28-840c-ba5fe2f1acd9,burningship
b775ff80-22c2-40b1-8431-24ad4aeaee4c,burningship
8fcfcd60-6c69-4580-acea-6c1efead4fb3,burningship
3b53bb14-d265-4245-ab7e-05bf7de53ca5,burningship
8553e5d4-677f-4470-a477-5b3d616e5833,burningship
09aec00e-4ec1-4339-ade6-ad8cd6786f72,burningship
0b30b63f-5dca-45d4-a9fd-474eb7261d6d,burningship
76456c69-34ce-4da3-948e-afc2cc6afb18,burningship
d3d42f64-cccb-4b90-bd43-8bf0957ae1b2,burningship
365b164a-92de-42ce-a9a3-e398372c15a9,burningship
7fab8148-0f86-4b8d-8a02-bd2ee87a548f,burningship
22a4b90c-a043-4eda-bbef-140c558ac660,burningship
ec660fbd-87a5-4951-89e4-173f46f0419b,burningship
be1f61ce-89a8-4093-b9d6-aa968717b24e,burningship
e8252e41-dac7-44be-b507-e6fdc829aff4,burningship
b9d7de59-db7a-4610-96b9-7cba9863d88a,burningship
0ba6a208-0fdb-4138-b515-f778c5009909,burningship
d76b9fd9-4ef2-467e-9157-92d32e91ffbe,burningship
621e5200-7c9b-4b65-b882-f194d28435a1,burningship
f0c973d2-c3e9-4012-899c-f407dcf17f38,burningship
b53b1769-4edc-4290-ad86-2c678fae822e,burningship
7679d717-66f4-4151-8e5e-8ed96f940951,burningship
b291c0de-c5c3-4304-9ec4-570c616ebe5e,burningship
c51198e7-0685-4953-89bb-3d687d85a6f6,burningship
fef7e6d5-309c-48e4-9305-eb7ac6a830ee,tricorn
3683a215-aee6-465f-b7e6-41a67ff697ff,tricorn
e57f52c4-8b2f-4293-b3e8-458b63b7c43a,tricorn
491910d3-86cf-49b1-9941-03e51a1a2b83,tricorn
40cd1339-05d6-441d-b35d-50febbbe9dab,tricorn
664dd6bf-a4d9-4876-a109-34334f429f7b,tricorn
d183c9b3-957e-4df8-962f-c44ebb088398,tricorn
a6d41b29-4fa3-426d-8243-bf465b53c673,tricorn
7bcb8570-1c12-4d1a-bc6a-63b129633516,tricorn
47132ad1-a609-4790-8d3e-c0714c9588c6,tricorn
a4ac78aa-6453-4a3c-8cbd-088029e6d385,tricorn
d7946a41-3734-4294-8ff2-a6358b20cbde,tricorn
813cee94-05e2-4fc1-a7e4-9745c89871fa,tricorn
5f9a85a2-eef2-4f9f-b353-abfbd3b2bdeb,tricorn
bbee7b8d-59f5-48ff-b5eb-e2783ab1bb58,tricorn
ad840efe-569d-45ec-bd64-f08fb221f9c3,tricorn
c73a65e4-eb95-40fe-aa77-8d1ae0437916,tricorn
5bfad449-4ab4-4663-9a01-ed446e06e7f5,tricorn
f1fb446c-d345-4670-a186-c9c23dbcf0fe,tricorn
6a77002e-87f2-4399-bbfe-7777da540873,tricorn
b9bb205c-fd5d-4fc0-b7da-14e29d23ac68,tricorn
89dee28a-acab-4a3a-b5ed-37cdd7403dd8,tricorn
3f7e05a7-b0ad-4518-9c45-aa6931f4a0cf,tricorn
cdde7045-916b-416c-a006-ef4c8fa1e5fc,tricorn
efd564d0-71e4-417e-874a-235d057da9d3,tricorn
96a390df-7777-4a54-bd96-00efaf9d31db,tricorn
b032e0b3-bd23-45bf-87d1-22e17394d59d,tricorn
6b117616-6930-466f-b44a-c1808b925be1,tricorn
655b5f6f-e43b-404a-850d-2859b737d8a4,tricorn
00a49330-bfb3-481e-a9a5-9eb33a7528cd,tricorn
f158d3c8-1139-4d8f-a8bd-9afe60163148,tricorn
c9edc70b-177e-421d-8874-8fed430b84b2,tricorn
6250d3ac-7340-4600-9b23-51a5357d4570,tricorn
2c85494f-d2c1-4095-b096-48290dc8f370,tricorn
4a719a53-b904-4c40-a94d-96e0a320e92e,tricorn
ff51e975-f80a-444b-890a-398f14eb832a,tricorn
20c033f7-a6c5-419f-8c57-7a238d383cea,tricorn
2dd8422b-974f-4341-948e-9c754eaebf78,tricorn
c2ab303f-feee-4d04-a473-601e90800d62,tricorn
9d7f208e-3655-460c-a905-e76b1ed0cf2f,tricorn
e66e49c3-4d90-4eb2-8c73-2d76d947f15c,tricorn
df4ce57a-2921-408a-bf68-5dba18662f42,tricorn
60eaea7a-3a37-470e-8441-e02e24b0d422,tricorn
01c7fd33-2476-496d-a976-788c7339480c,tricorn
172bf693-72cb-402d-9c60-d5a6c2500d04,tricorn
0db8580c-8b9c-48f3-a09b-8eda9b0f52f3,tricorn
9a239856-4ff3-499c-86ad-870650bf3093,tricorn
b84131fe-0539-4860-b8af-d1d333465fba,tricorn
c51ce328-bbd9-431a-b91e-f7a1fd841856,tricorn
5e1499ac-432c-4f08-9249-a2a9e473859e,tricorn
34f06138-b960-4e5a-b9a3-a7af0e01cfce,tricorn
34d2bffa-574b-4a4e-9116-ac5c86adbc32,tricorn
a89da45c-fdb2-4264-b4ec-84dce6cd1a52,tricorn
2591e354-aa91-4e85-b838-d2db070460d3,tricorn
8aca8a74-4ee1-4984-87c6-b08a576692d0,tricorn
9dee25b5-4dae-4c90-ac30-d82b273e7240,tricorn
f7f854be-867b-4803-abe9-2d1e0aa9cf53,tricorn
475b0c92-7824-4c9d-a111-43c23b902c84,tricorn
38fcc410-b5c5-46ba-b7d2-455e0ef0427f,tricorn
b4b4724e-1f9f-4988-bc2b-30e2e76a903d,tricorn
74fb7621-e78d-49f1-a68a-4452a1d52ca4,tricorn
69c36b62-8c46-4c4d-9049-1559015d1f52,tricorn
ebfb5e59-bd02-4a25-9de4-3a83540bb4bd,tricorn
0f713fcd-3572-46ac-a458-f63ac4ae1c9f,tricorn
3a80c42d-11f9-4db1-aa67-dd6eabb2fc44,tricorn
e8915784-c2a2-46d3-ab3a-9c675c2e7133,tricorn
d55f27b8-e99e-41e3-b262-cff282d6b7cb,tricorn
fc388478-1a35-4f02-abf3-daa507e9f23b,tricorn
197442a6-1001-437f-a104-0adbfeaeb42c,tricorn
99a029bb-7f8d-412f-b571-22f6f8dcf4c6,tricorn
f99b00e4-1053-408d-a698-27dd55173ed9,tricorn
36c08077-d3a2-4bb3-9c14-863a890f2fa5,tricorn
7dae82d0-9686-4896-8fd2-9ad543d2e439,tricorn
7a3db650-75f9-4e32-98d4-03796ef5f00d,tricorn
d45dbc12-7966-4376-a7a5-67700010a5f4,tricorn
60d858b6-ebfb-4856-b7ab-2137e85e3413,tricorn
6a25fde1-f478-40f0-a2f0-940157291283,tricorn
4fa6dd1f-193b-4bbf-8983-b1f2470b8d0c,tricorn
c200df4f-cb3a-40b0-8cc3-74e74caf5d4c,tricorn
a6e96fa1-9316-4ff0-a15b-0c4f6dcf8189,tricorn
f231240a-1080-4bc7-9be1-39c1218acb2f,tricorn
09a9c70d-0c7d-4a6f-b286-f7b170bd98b1,tricorn
7d68c35f-17b6-47a2-9cc8-9d558082681b,tricorn
82faaf5b-d56d-40a9-89e7-e5c81e0dc681,tricorn
22d90c68-17bc-47f4-8f0b-b705ee9496dc,tricorn
4536e210-339d-40bb-af4b-5af7553dba8c,tricorn
aa124669-2701-4643-90fa-da0afc172b72,tricorn
68bd2341-de86-43f2-92df-0293f520f6f2,tricorn
265854fa-7d3f-4a2b-94ad-6d1303ad240e,tricorn
cc24ee51-abdf-4298-a564-9ffd30c55303,tricorn
e2e1ef00-e7e6-4e7a-a54a-778fde4a1eaf,tricorn
a0cd9d6b-e843-4f03-a2a5-fe5aa6d0984f,tricorn
ca0c3f98-dd45-4bec-8db6-47ecd914fbc8,tricorn
0baa8d5d-c8ed-4484-99da-49698ccd05c0,tricorn
62ef8be0-eb65-46ad-8ad1-bbddb3217d0d,tricorn
0eb535ef-9dd7-4cf2-b56c-4fd2589b4165,tricorn
b34cd5a2-8adb-410e-a928-ebf8da8a8a5e,tricorn
7761d713-b9bc-4c47-94d7-a27636e68844,tricorn
b2613c65-d54a-48a9-946f-2bd4f75adbd4,tricorn
15a3d380-666b-4bf6-8fc3-04220c3103d4,tricorn
e70a16b1-8987-4ad1-8f55-e194dcb4d9bf,tricorn
2cf903e9-79f6-4c15-ab05-26518fe1b10b,tricorn
fdcebe97-aae2-44c0-971b-d9aadf745968,tricorn
d9c01332-9430-44b8-9bc0-a1c8a0708dc8,tricorn
9068fd11-dc74-4abe-a20c-fdb9de69adba,tricorn
08d20677-3069-4759-919c-8655ea9615c0,tricorn
63ba8dd3-71dc-4bae-8509-8cf1ce4de1e8,tricorn
7c5846a6-3e7f-46fb-bee9-b644073c2222,tricorn
0f96cf06-0576-4de9-a5d4-91949e6f5762,tricorn
69fda3fa-c3f9-4818-8ce8-3e0ec819978c,tricorn
ad6e0068-2ccb-446d-ace0-cdddc664b063,tricorn
0d4736af-9799-4270-9057-8de389c27845,tricorn
6edb227f-8570-4ced-80d1-befa481344c6,tricorn
f4d20fab-9152-4ab2-912b-eeafc40a4726,tricorn
14f02b39-15f3-4a03-a793-c7b153b81ed9,tricorn
83484a8c-b155-49ae-918d-ac970ebfa617,tricorn
8fcfc021-96c2-4ac6-ba3c-ed9a381754a1,tricorn
271ddf23-8194-4a99-9d36-83a1b182bb99,tricorn
883031dc-4d82-4ba2-83ff-ca0a740512ea,tricorn
00ac3016-d47f-4881-a681-da624cf8bcee,tricorn
dfc88e56-9b34-4c86-89fb-2c09d63a88b7,tricorn
8efd7cf7-1a89-40ca-9791-efc28aaf955e,tricorn
c6483956-6034-43b3-87d6-d3c4fe0912ba,tricorn
82731d23-0edf-4e7b-8711-b3a639ea1abe,tricorn
a901693b-8690-4698-a84a-97a475c98ff1,tricorn
c81a4028-c01f-4202-95c0-6fc97edab464,tricorn
fad2b7cd-1972-4cf9-85ef-f36a2bc1ab28,tricorn
33dc4c25-3f01-4445-bad2-81d407c3d987,tricorn
207c4dce-e697-4cdc-bc63-92fbeb72feee,tricorn
03b89be0-e784-46d7-b5cf-04c7f579613e,tricorn
c0d9ecb6-4e45-44a9-aef0-84cf4d9b2d5b,tricorn
6af0db9b-f02c-4e97-b953-8aa804ce405b,tricorn
d2f7c6c4-b695-4357-adbe-11d8ed872c25,tricorn
4a2d07f6-1a4a-420f-930c-77b0b221f4a3,tricorn
c3a977de-0d9b-4986-9661-954395573e08,tricorn
2b6b0f55-db81-431c-bb52-8aa719b6cebf,tricorn
cdeff980-25bb-4ec2-b016-aa726bfa71fd,tricorn
8c585dfc-2422-4988-8ad4-7911862ae902,tricorn
2c722e56-1a6e-4d4d-b2d6-07f56f355d56,tricorn
07765edc-da11-4ecb-932c-23a6dcd75788,tricorn
92128d80-8f83-4d42-b758-697d5c2851cc,tricorn
6ce3bdcc-5c8e-442d-b97d-2df4ef57b9d3,tricorn
a08a90e4-721e-4b4b-88f4-c5bb2f9e8962,tricorn
db1281e9-969c-40d0-9d86-a70d1e64fe5e,tricorn
9db9a118-1edf-4136-89ea-902e54299caa,tricorn
a45c267f-0a7f-402b-bc46-0795a48bf28f,tricorn
1e3bd7e7-b199-498c-8f10-cee1bcc90f58,tricorn
7066f8bc-7ed3-41dc-800b-a212f39d5cf4,tricorn
4568a0da-5655-4bdd-bb02-3281dc6ece9b,tricorn
538b889e-a0a7-42a6-a366-d414786125f4,tricorn
e9198719-f1fb-48d1-9948-16da37fe0712,sierpinski_gasket
2ee91986-2bef-40bd-ac84-5215b6836698,sierpinski_gasket
edf44a20-b018-4ddf-80d2-ed0a6920e489,sierpinski_gasket
b341ee1d-16b9-48cb-b7e6-61c2ccde3965,sierpinski_gasket
da7f9af6-69f5-4fd9-9fff-a917d78f8efd,sierpinski_gasket
b4a04776-ba82-46ca-8c16-1dd0e471357a,sierpinski_gasket
a0a87d6d-43af-4b9f-9c06-a196beba1afd,sierpinski_gasket
e0a12838-4f6a-41e4-8c44-aba3d1e5784d,sierpinski_gasket
102e5363-3059-43bf-965e-fee112c362dd,sierpinski_gasket
67a64f75-f211-4b76-854d-cd7d7efcd348,sierpinski_gasket
02808580-1dfb-47a6-bdc0-e88c6d6f840d,sierpinski_gasket
94b9a195-7082-445e-b722-1c19d93a673e,sierpinski_gasket
43698a12-4b4a-4ec1-a6f5-e5d7cdc94e75,sierpinski_gasket
df96eb5e-d74f-426c-b430-d902806c753d,sierpinski_gasket
cc40d68d-6175-47b2-8bdd-711a3ae9289c,sierpinski_gasket
30d2ca10-73e8-457c-bad6-82ad036279e8,sierpinski_gasket
fc0604f0-d930-448b-bbe2-e49f93f89ec0,sierpinski_gasket
5c41e64d-f42f-410f-aa03-14a7499312e7,sierpinski_gasket
c62efa71-cbcc-4ac8-9f93-9658983538ab,sierpinski_gasket
b6fdde9a-3637-4543-bfbf-3c3942f4a760,sierpinski_gasket
5f46a98c-8aed-48b0-b3a5-31b62c8996a7,sierpinski_gasket
82d7c0e4-765d-4ccd-90c5-88e6158b5d96,sierpinski_gasket
464bf4a8-2823-4433-b0d3-66280b2f3602,sierpinski_gasket
23ee6b94-2225-4ee4-991e-e3069512cac8,sierpinski_gasket
9c80251a-dbe1-4183-906c-caffcdc23705,sierpinski_gasket
0554a797-7443-4263-aa8d-d1a23d93cd76,sierpinski_gasket
205021ea-e03c-4e97-b2ad-b813e2afa537,sierpinski_gasket
6fdc5fbb-56a4-41c3-a2f1-ffe51b70969a,sierpinski_gasket
d79cf9fa-9580-40bf-b5f7-4cb86e240d4d,sierpinski_gasket
21091c11-9f10-4736-a113-20b963b2b143,sierpinski_gasket
1cafb265-0ac6-4b3a-9e30-bab8fe4c1691,sierpinski_gasket
c9b2f03b-be2c-413a-ba48-88353ebb13a8,sierpinski_gasket
dcdd4a21-6b12-4c5f-9621-6fc4fd898bb8,sierpinski_gasket
78810a92-5697-4a9f-bf7f-85e9584235a9,sierpinski_gasket
b7fe99ae-90eb-4dc3-b71b-312b506a3bdd,sierpinski_gasket
a1324344-dafc-4fe8-af5d-6c4ff246d4be,sierpinski_gasket
20831eb6-a8de-44ff-8aab-489d2c115203,sierpinski_gasket
b1f8d01f-e050-4f1d-99e5-6a961628b470,sierpinski_gasket
be93bf51-f2be-4270-b24f-2c398cc14996,sierpinski_gasket
acae0b7a-ef4a-4dab-8528-8a9ebf9d9fc9,sierpinski_gasket
fedca174-bd4a-498a-afea-2bc24f49ddf7,sierpinski_gasket
f6e60511-b97d-43a3-86c7-22e9f3a04215,sierpinski_gasket
56743a5f-bc17-4aa6-b222-40329aa1ea7c,sierpinski_gasket
dc861afa-c313-4da7-b227-f2dcd15b4a73,sierpinski_gasket
2f3056fc-f06e-4ecb-a1ba-4629d53c8d16,sierpinski_gasket
4d7fdea2-2ec2-4bbe-9ec1-4b046847e935,sierpinski_gasket
78fdc1a4-c0f4-40b2-a82a-b3fb68a5bf5b,sierpinski_gasket
50c5203c-1e53-44e7-a47d-938a060693a8,sierpinski_gasket
a287f851-fa70-4504-8e42-fdf2c3235e22,sierpinski_gasket
2ae6e34e-966d-4e8b-a944-8a0c04848f53,sierpinski_gasket
40272ad5-da3f-483b-85be-1addf05fa75d,sierpinski_gasket
0ba67d98-d445-4c91-afda-9e070b68e506,sierpinski_gasket
59025837-a415-4ae2-b71d-262edc50458b,sierpinski_gasket
d396e60f-76da-443c-ae9d-fb8ce502060b,sierpinski_gasket
9e62b45c-7dc7-447c-8778-3f97b00307bb,sierpinski_gasket
f6bb58f4-8156-41c6-bed0-c819421fd5f0,sierpinski_gasket
a14e7c6f-b98b-4f9d-8ef5-2600c08ba6cd,sierpinski_gasket
4a6ecacd-021f-47b5-a8d6-f71e2527a4ed,sierpinski_gasket
f2e52937-085d-4d7f-b12a-fbdf32fee2bd,sierpinski_gasket
5ad2d700-a3f3-4838-aee7-f679f467e471,sierpinski_gasket
bffa4091-7db5-429b-92e3-2f445be0a81f,sierpinski_gasket
57fb6334-3a79-48d1-a247-c8321efcbf49,sierpinski_gasket
58ac282c-3b6d-4e7b-8661-2c467a93f271,sierpinski_gasket
73861fbf-723f-4fb4-afb7-813449e9a343,sierpinski_gasket
af059f75-5b0c-4757-b174-5b8a65cdaf59,sierpinski_gasket
980d4548-a726-485f-b467-32ee9a8e1f8a,sierpinski_gasket
a8f04134-05a3-4014-a611-abe53a3ae23d,sierpinski_gasket
cfb70eb1-a3f2-433b-b847-a6bff2071ae5,sierpinski_gasket
ad6a2ce9-12df-427d-b2d5-d204de271d28,sierpinski_gasket
628bc02a-e7df-4dbc-bc11-fb13c94ace8d,sierpinski_gasket
2faa024d-e19b-4ce2-a9cb-78e8c85cc592,sierpinski_gasket
d161036f-7ae3-4881-83a0-05026aaae561,sierpinski_gasket
b9a5554b-8eba-4509-83e1-0afcc1d29689,sierpinski_gasket
bb3c46d9-8aee-4135-9849-42431d3af488,sierpinski_gasket
51dac767-cb28-4f23-abae-487e81806322,sierpinski_gasket
1d4c6c72-ae96-4baa-9678-8def90560ca6,sierpinski_gasket
63fb0cbb-b986-441e-87d2-9ab524aa57a7,sierpinski_gasket
a673fbe1-f4fc-4c25-b333-4eba1eb0429f,sierpinski_gasket
e7261e4f-a262-4116-8a99-712dc14c578f,sierpinski_gasket
6a6f7dd8-9e87-4dd7-83dd-8e1f20354424,sierpinski_gasket
3b45667a-4a26-4db4-9fad-517a225f86bb,sierpinski_gasket
3fd0515d-80e5-4db1-b653-e43771172292,sierpinski_gasket
a4400870-db51-409e-b20f-2a092338e5ca,sierpinski_gasket
e437cd1c-7151-4de4-b526-9af4e1a9d894,sierpinski_gasket
8b8c23fd-35a3-4dbe-8cda-c897d5c5e9ba,sierpinski_gasket
7912c28d-4e33-4e9a-bbbd-d81278c0c109,sierpinski_gasket
f7bc2646-55aa-45df-a77a-556de799d717,sierpinski_gasket
1a4e8847-f28f-416c-b344-31aaed4e01c9,sierpinski_gasket
b8cd4045-0d15-458b-93a4-0f2e2a8c5b5e,sierpinski_gasket
c21771a6-ce5f-4bbb-a4fd-1f1bf74aecbd,sierpinski_gasket
b50ac7ba-71ea-4e43-8b3e-9d58ebec4980,sierpinski_gasket
1a1b325e-57d5-4ed5-8444-2b5717280751,sierpinski_gasket
7485d61d-b643-47d7-9a88-14e907cb9857,sierpinski_gasket
64d16773-6004-4b43-903a-b8e433b249f3,sierpinski_gasket
9bfb0a57-b9a5-48cc-ba1f-e71afbe2105c,sierpinski_gasket
e8c4fbf9-cc9c-4c60-981f-4356a75a6d97,sierpinski_gasket
9a5c6051-03cc-4fea-9dce-8e3b3472bca7,sierpinski_gasket
b6aa4b64-63ac-4c36-8bc3-a2ad15b3bf9d,sierpinski_gasket
c2e4f8fe-351a-4500-b3c8-11ba26f09dc8,sierpinski_gasket
e29f6f38-a5dd-4179-91c5-59780c3949d3,sierpinski_gasket
bf14ef84-065d-4965-8287-f3845a6b58d0,sierpinski_gasket
11ae2656-07cc-40db-a530-720d7269780c,sierpinski_gasket
a6ff7b9c-cb69-46ed-91d7-d70329bb71dd,sierpinski_gasket
ff75ba3d-199c-466f-8943-0196b24a301a,sierpinski_gasket
70f2e886-ab64-47b4-bf4d-6450fd2bcffc,sierpinski_gasket
dba8bcca-2a32-4444-aee6-0bf125d4b4c8,sierpinski_gasket
c1e3a2e3-9198-4cb5-b531-22276f97e7df,sierpinski_gasket
f08ee823-0451-440a-a40e-f2fa50b7f508,sierpinski_gasket
039f7031-1609-48bd-8142-faf194f0de6e,sierpinski_gasket
f3e6a79c-f71d-42fe-b037-9cb58eb2d38d,sierpinski_gasket
557e9430-4c93-40cc-b9ec-49f9afa34ffa,sierpinski_gasket
5f966670-af7a-45e8-a2c3-d92ebd19bc62,sierpinski_gasket
cd60673b-0dff-41ec-9076-6760e674cb98,sierpinski_gasket
d7e889d2-2985-4282-91e2-1634cc2a95c5,sierpinski_gasket
26dfc182-dff3-4246-8987-a0c8ece5f0c8,sierpinski_gasket
46aecf25-e5af-4d0b-b726-cadeb64357ca,sierpinski_gasket
1666f9e0-1827-489c-bb56-2980c5bfaecb,sierpinski_gasket
98148d55-1c20-4c5f-9c48-225eb065d20e,sierpinski_gasket
24239af5-dc99-4e40-ab37-baf2de57d216,sierpinski_gasket
b11992c0-4ce4-45ea-a950-8c3c0e0395bc,sierpinski_gasket
919b0ea8-6f37-44ad-831b-d03036387d18,sierpinski_gasket
8d1f1d3c-7863-4a62-823f-8df5987229cb,sierpinski_gasket
43f87a6f-3e4a-4bea-9849-39f2bfff29a5,sierpinski_gasket
97f83f0d-6c4f-495c-9a90-57b3bb1a4d63,sierpinski_gasket
98b5db61-8254-4fe2-aee0-41014a7a612c,sierpinski_gasket
2c88315a-fdf8-40d0-bc0d-9860ab7c194d,sierpinski_gasket
f19e39f2-3282-49c2-9b93-bf7f2b9804e3,sierpinski_gasket
bf0f9467-46b4-4a6f-8803-75994dc7dcab,sierpinski_gasket
02b07e58-eebc-4d6b-b8a1-61936139f437,sierpinski_gasket
ca1b1aa0-062d-43f0-9f69-f20e5bc8f432,sierpinski_gasket
d75ef799-1a73-4062-8f39-fe296ea65628,sierpinski_gasket
6a4d09b3-d750-473d-bd6f-c3dafbf70afc,sierpinski_gasket
9d5d9a47-5460-4e3f-98b5-e6a8e067f9e9,sierpinski_gasket
df723041-bb05-4590-9f95-139d3b6887ce,sierpinski_gasket
fc83d6ab-b781-4701-be14-d3651d9f084a,sierpinski_gasket
d0eab81d-29da-4266-aed4-b5137e7c12fe,sierpinski_gasket
677b0668-83c9-4eef-8af5-b958aef210a2,sierpinski_gasket
2d4a6e3f-9c83-4e56-97a4-84ede24c49c9,sierpinski_gasket
b98c8790-94d5-4315-97b5-68c8bdb08634,sierpinski_gasket
474ef52d-bef4-4464-b50e-eb0970fda8e6,sierpinski_gasket
db327280-1ae9-4e72-b587-e499e1cbd920,sierpinski_gasket
fdacad38-f99e-4b26-a4b1-e810ec6534e2,sierpinski_gasket
4fc47f6f-3b57-448e-ac83-bdd3c4b4da47,sierpinski_gasket
92072b34-dda0-48c9-a239-a17e3ff22787,sierpinski_gasket
7f170e96-8e36-403e-8afd-83960ec92b73,sierpinski_gasket
a1a0126f-9678-4454-ad07-bece4c94d8e4,sierpinski_gasket
1246cd5e-a744-4020-bd2f-03ad920477c2,sierpinski_gasket
e9493e20-0eee-46d7-8bc0-71c89a8cfbb8,sierpinski_gasket
f92e2804-d842-4eda-b2aa-f20872b745a7,sierpinski_gasket
40acf38e-2db9-4abf-b6f1-3b8a4d83a0de,sierpinski_gasket
